date,close,rate,mean,pos,neg,neu
2022/1/3,1.1294,/,-0.5,0,1,0
2022/1/4,1.1285,-0.0797,-0.2333,0,1,0
2022/1/5,1.1313,0.2481,-0.2583,0,1,0
2022/1/6,1.1291,-0.1945,-0.16,0,1,0
2022/1/7,1.1359,0.6022,-0.24,0,1,0
2022/1/10,1.1324,-0.3081,-0.4143,0,1,0
2022/1/11,1.1364,0.3532,0.0667,1,0,0
2022/1/12,1.1442,0.6864,0.2167,1,0,0
2022/1/13,1.1453,0.0961,0.4714,1,0,0
2022/1/14,1.1414,-0.3405,0.4667,1,0,0
2022/1/17,1.1407,-0.0613,0.0556,1,0,0
2022/1/18,1.1325,-0.7189,-0.4286,0,1,0
2022/1/19,1.1341,0.1413,-0.7143,0,1,0
2022/1/20,1.131,-0.2733,-0.1429,0,1,0
2022/1/21,1.134,0.2653,-0.2625,0,1,0
2022/1/24,1.1323,-0.1499,-0.4091,0,1,0
2022/1/25,1.1299,-0.212,-0.3923,0,1,0
2022/1/26,1.1237,-0.5487,-0.3125,0,1,0
2022/1/27,1.1143,-0.8365,-0.8043,0,1,0
2022/1/28,1.1143,0,-0.4385,0,1,0
2022/1/31,1.1233,0.8077,-0.275,0,1,0
2022/2/1,1.1269,0.3205,0.2,1,0,0
2022/2/2,1.1303,0.3017,0.05,1,0,0
2022/2/3,1.1438,1.1944,0.1733,1,0,0
2022/2/4,1.1446,0.0699,0,0,0,1
2022/2/7,1.1442,-0.0349,0.0455,1,0,0
2022/2/8,1.1414,-0.2447,-0.19,0,1,0
2022/2/9,1.1422,0.0701,0.2167,1,0,0
2022/2/10,1.1427,0.0438,0.06,1,0,0
2022/2/11,1.1349,-0.6826,-0.4,0,1,0
2022/2/14,1.1305,-0.3877,0.0667,1,0,0
2022/2/15,1.1356,0,0,0,0,0
2022/2/16,1.1373,0,0,0,0,0
2022/2/17,1.136,-0.1143,-0.7,0,1,0
2022/2/18,1.1321,-0.3433,0.0571,1,0,0
2022/2/21,1.131,-0.0972,-0.0333,0,1,0
2022/2/22,1.1325,0.1326,-0.2167,0,1,0
2022/2/23,1.1309,-0.1413,-0.25,0,1,0
2022/2/24,1.1191,-1.0434,-0.6857,0,1,0
2022/2/25,1.1267,0.6791,-0.4,0,1,0
2022/2/28,1.1219,-0.426,-0.45,0,1,0
2022/3/1,1.1126,-0.829,-0.5167,0,1,0
2022/3/2,1.1121,-0.0449,-0.6455,0,1,0
2022/3/3,1.1064,-0.5125,-0.2,0,1,0
2022/3/4,1.0926,-1.2473,-0.6118,0,1,0
2022/3/7,1.0852,-0.6773,-0.4308,0,1,0
2022/3/8,1.0899,0.4331,0.18,1,0,0
2022/3/9,1.1075,1.6148,0.4125,1,0,0
2022/3/10,1.0983,-0.8307,0.07,1,0,0
2022/3/11,1.0909,-0.6738,-0.0222,0,1,0
2022/3/14,1.0939,0.275,0.2333,1,0,0
2022/3/15,1.0951,0.1097,0.15,1,0,0
2022/3/16,1.1032,0.7397,-0.1286,0,1,0
2022/3/17,1.1089,0.5167,0.1125,1,0,0
2022/3/18,1.1055,-0.3066,-0.275,0,1,0
2022/3/21,1.1014,-0.3709,-0.2,0,1,0
2022/3/22,1.1027,0.118,-0.1,0,1,0
2022/3/23,1.1004,-0.2086,-0.075,0,1,0
2022/3/24,1.0996,-0.0727,-0.35,0,1,0
2022/3/25,1.0981,-0.1364,-0.1444,0,1,0
2022/3/28,1.0978,0,0,0,0,0
2022/3/29,1.1085,0.9747,0.175,1,0,0
2022/3/30,1.1156,0.6405,0.4714,1,0,0
2022/3/31,1.1065,-0.8157,-0.15,0,1,0
2022/4/1,1.1053,-0.1085,0.1,1,0,0
2022/4/4,1.097,-0.7509,-0.1667,0,1,0
2022/4/5,1.0903,-0.6108,-0.5,0,1,0
2022/4/6,1.0893,-0.0917,-0.5333,0,1,0
2022/4/7,1.0878,-0.1377,-0.24,0,1,0
2022/4/8,1.0876,-0.0184,0.3,1,0,0
2022/4/11,1.0883,0.0644,-0.2,0,1,0
2022/4/12,1.0826,-0.5238,-0.28,0,1,0
2022/4/13,1.0885,0.545,-0.45,0,1,0
2022/4/14,1.0827,-0.5328,-0.2071,0,1,0
2022/4/15,1.0806,-0.194,-0.275,0,1,0
2022/4/18,1.078,-0.2406,-0.6667,0,1,0
2022/4/19,1.0786,0.0557,-0.4,0,1,0
2022/4/20,1.085,0.5934,0.1667,1,0,0
2022/4/21,1.0836,-0.129,0.4,1,0,0
2022/4/22,1.0794,0,0,0,0,0
2022/4/25,1.0711,-0.7689,-0.5667,0,1,0
2022/4/26,1.0636,-0.7002,0,0,0,1
2022/4/27,1.0555,-0.7616,-0.6667,0,1,0
2022/4/28,1.0494,-0.5779,-0.7,0,1,0
2022/4/29,1.0541,0.4479,0.45,1,0,0
2022/5/2,1.0504,0,0,0,0,0
2022/5/3,1.052,0.1523,-0.05,0,1,0
2022/5/4,1.0621,0,0,0,0,0
2022/5/5,1.054,-0.7626,-0.475,0,1,0
2022/5/6,1.0551,0.1044,0.1,1,0,0
2022/5/9,1.0555,0.0379,-0.7,0,1,0
2022/5/10,1.0527,-0.2653,0.4,1,0,0
2022/5/11,1.0511,0,0,0,0,0
2022/5/12,1.0379,-1.2558,-0.8889,0,1,0
2022/5/13,1.0411,0.3083,-1,0,1,0
2022/5/16,1.0431,0.1921,0.3,1,0,0
2022/5/17,1.0547,1.1121,0.4,1,0,0
2022/5/18,1.0466,0,0,0,0,0
2022/5/19,1.0586,0,0,0,0,0
2022/5/20,1.056,0,0,0,0,0
2022/5/23,1.0689,0,0,0,0,0
2022/5/24,1.0734,0,0,0,0,0
2022/5/25,1.068,-0.5031,-0.6,0,1,0
2022/5/26,1.0724,0.412,-0.15,0,1,0
2022/5/27,1.0727,0.028,-0.15,0,1,0
2022/5/30,1.0777,0.4661,0.2667,1,0,0
2022/5/31,1.0733,-0.4083,-0.7,0,1,0
2022/6/1,1.0646,-0.8106,-0.2,0,1,0
2022/6/2,1.0745,0.9299,0.55,1,0,0
2022/6/3,1.0718,-0.2513,-0.2667,0,1,0
2022/6/6,1.0694,-0.2239,0.4,1,0,0
2022/6/7,1.0699,0.0468,0.35,1,0,0
2022/6/8,1.0714,0,0,0,0,0
2022/6/9,1.0614,-0.9334,-0.1643,0,1,0
2022/6/10,1.0515,-0.9327,-0.6875,0,1,0
2022/6/13,1.0408,-1.0176,-0.05,0,1,0
2022/6/14,1.0414,0.0576,-0.525,0,1,0
2022/6/15,1.0443,0,0,0,0,0
2022/6/16,1.0547,0,0,0,0,0
2022/6/17,1.0498,-0.4646,0.025,1,0,0
2022/6/20,1.0509,0,0,0,0,0
2022/6/21,1.0525,0.1523,0.6,1,0,0
2022/6/22,1.0565,0.38,0.14,1,0,0
2022/6/23,1.0523,-0.3975,-0.375,0,1,0
2022/6/24,1.0554,0.2946,0.05,1,0,0
2022/6/27,1.0583,0,0,0,0,0
2022/6/28,1.0518,-0.6142,-0.6,0,1,0
2022/6/29,1.0439,-0.7511,-0.15,0,1,0
2022/6/30,1.0482,0.4119,-0.78,0,1,0
2022/7/1,1.0428,-0.5152,-0.625,0,1,0
2022/7/4,1.0421,0,0,0,0,0
2022/7/5,1.0266,-1.4874,-0.8583,0,1,0
2022/7/6,1.0181,-0.828,-0.8667,0,1,0
2022/7/7,1.0159,-0.2161,-0.5,0,1,0
2022/7/8,1.0183,0.2362,-0.6571,0,1,0
2022/7/11,1.0039,-1.4141,-0.8545,0,1,0
2022/7/12,1.0036,-0.0299,-0.9,0,1,0
2022/7/13,1.006,0.2391,-0.85,0,1,0
2022/7/14,1.0016,-0.4374,-0.6143,0,1,0
2022/7/15,1.0087,0.7089,-0.48,0,1,0
2022/7/18,1.0141,0.5353,0.24,1,0,0
2022/7/19,1.0224,0.8185,0.65,1,0,0
2022/7/20,1.0177,-0.4597,0.55,1,0,0
2022/7/21,1.0228,0.5011,0.1333,1,0,0
2022/7/22,1.021,-0.176,-0.625,0,1,0
2022/7/25,1.022,0,0,0,0,0
2022/7/26,1.0114,-1.0372,-0.8667,0,1,0
2022/7/27,1.0202,0.8701,0.6,1,0,0
2022/7/28,1.0196,-0.0588,0.85,1,0,0
2022/7/29,1.0218,0,0,0,0,0
2022/8/1,1.0261,0.4208,-0.8,0,1,0
2022/8/2,1.0164,0,0,0,0,0
2022/8/3,1.0164,0,0,0,0,0
2022/8/4,1.0243,0,0,0,0,0
2022/8/5,1.0181,0,0,0,0,0
2022/8/8,1.0195,0.1375,-0.55,0,1,0
2022/8/9,1.0211,0.1569,-0.9,0,1,0
2022/8/10,1.0297,0.8422,0.3,1,0,0
2022/8/11,1.0317,0.1942,-0.7,0,1,0
2022/8/12,1.0258,-0.5719,-0.7,0,1,0
2022/8/15,1.016,-0.9554,-0.7,0,1,0
2022/8/16,1.017,0.0984,-0.8333,0,1,0
2022/8/17,1.018,0.0983,-0.5667,0,1,0
2022/8/18,1.0088,-0.9037,-0.68,0,1,0
2022/8/19,1.0034,-0.5353,-0.44,0,1,0
2022/8/22,0.9941,-0.9268,-0.85,0,1,0
2022/8/23,0.9967,0.2615,-0.3615,0,1,0
2022/8/24,0.9965,-0.0201,-0.5909,0,1,0
2022/8/25,0.9974,0.0903,-0.1875,0,1,0
2022/8/26,0.9961,-0.1303,0.2857,1,0,0
2022/8/29,0.9995,0.3413,-0.35,0,1,0
2022/8/30,1.0012,0.1701,0.12,1,0,0
2022/8/31,1.0057,0.4495,0.225,1,0,0
2022/9/1,0.9944,-1.1236,-0.4125,0,1,0
2022/9/2,0.9951,0.0704,0.62,1,0,0
2022/9/5,0.9926,-0.2512,-0.7,0,1,0
2022/9/6,0.9902,0,0,0,0,0
2022/9/7,0.9999,0,0,0,0,0
2022/9/8,0.9994,0,0,0,0,0
2022/9/9,1.0039,0.4503,0.24,1,0,0
2022/9/12,1.0119,0.7969,0.52,1,0,0
2022/9/13,0.997,-1.4725,-0.6375,0,1,0
2022/9/14,0.9977,0.0702,-0.1,0,1,0
2022/9/15,0.9999,0.2205,0.14,1,0,0
2022/9/16,1.0015,0.16,-0.125,0,1,0
2022/9/19,1.0022,0,0,0,0,0
2022/9/20,0.997,-0.5189,-0.35,0,1,0
2022/9/21,0.9837,-1.334,-0.56,0,1,0
2022/9/22,0.9836,-0.0102,-0.3125,0,1,0
2022/9/23,0.969,-1.4843,-0.725,0,1,0
2022/9/26,0.9606,-0.8669,-0.025,0,1,0
2022/9/27,0.9592,-0.1457,-0.2333,0,1,0
2022/9/28,0.9734,1.4804,-0.24,0,1,0
2022/9/29,0.9814,0.8219,0.1364,1,0,0
2022/9/30,0.9799,0,0,0,0,0
2022/10/3,0.9824,0,0,0,0,0
2022/10/4,0.9983,0,0,0,0,0
2022/10/5,0.9882,0,0,0,0,0
2022/10/6,0.9788,-0.9512,-0.55,0,1,0
2022/10/7,0.9741,-0.4802,-0.6667,0,1,0
2022/10/10,0.97,-0.4209,-0.4,0,1,0
2022/10/11,0.9703,0.0309,-0.3,0,1,0
2022/10/12,0.9704,0.0103,0,0,0,1
2022/10/13,0.9773,0,0,0,0,0
2022/10/14,0.9719,-0.5525,0.1714,1,0,0
2022/10/17,0.9838,1.2244,0.75,1,0,0
2022/10/18,0.9852,0.1423,0.7,1,0,0
2022/10/19,0.9771,-0.8222,-0.6,0,1,0
2022/10/20,0.9783,0.1228,0.55,1,0,0
2022/10/21,0.986,0.7871,0.55,1,0,0
2022/10/24,0.9874,0.142,-0.1,0,1,0
2022/10/25,0.9964,0.9115,0.2667,1,0,0
2022/10/26,1.0077,1.1341,0.7417,1,0,0
2022/10/27,0.9962,-1.1412,-0.3846,0,1,0
2022/10/28,0.9963,0.01,-0.54,0,1,0
2022/10/31,0.9883,-0.803,-0.525,0,1,0
2022/11/1,0.9874,-0.0911,-0.0714,0,1,0
2022/11/2,0.9817,-0.5773,-0.4,0,1,0
2022/11/3,0.9751,-0.6723,-0.2375,0,1,0
2022/11/4,0.996,2.1434,0.5,1,0,0
2022/11/7,1.0019,0,0,0,0,0
2022/11/8,1.0072,0,0,0,0,0
2022/11/9,1.0011,0,0,0,0,0
2022/11/10,1.0208,1.9678,0.8,1,0,0
2022/11/11,1.0352,1.4107,0.64,1,0,0
2022/11/14,1.0325,-0.2608,-0.5,0,1,0
2022/11/15,1.0348,0.2228,0.775,1,0,0
2022/11/16,1.0392,0.4252,0.2,1,0,0
2022/11/17,1.036,-0.3079,0.05,1,0,0
2022/11/18,1.0324,0,0,0,0,0
2022/11/21,1.0241,-0.804,-0.5,0,1,0
2022/11/22,1.0302,0.5956,0,0,0,1
2022/11/23,1.0395,0.9027,0,0,0,1
2022/11/24,1.0408,0.1251,-0.05,0,1,0
2022/11/25,1.0395,-0.1249,-0.5,0,1,0
2022/11/28,1.0337,-0.558,0.8,1,0,0
2022/11/29,1.0327,-0.0967,0.5,1,0,0
2022/11/30,1.0405,0.7553,0.5,1,0,0
2022/12/1,1.0522,1.1245,0.825,1,0,0
2022/12/2,1.0538,0.1521,-0.1,0,1,0
2022/12/5,1.0491,-0.446,-0.1,0,1,0
2022/12/6,1.0469,-0.2097,0.5,1,0,0
2022/12/7,1.0505,0.3439,0.18,1,0,0
2022/12/8,1.0556,0.4855,0.5,1,0,0
2022/12/9,1.053,0,0,0,0,0
2022/12/12,1.0535,0.0475,-0.4,0,1,0
2022/12/13,1.063,0.9018,0.5333,1,0,0
2022/12/14,1.0682,0.4892,0.1667,1,0,0
2022/12/15,1.0626,-0.5242,0.1636,1,0,0
2022/12/16,1.0582,-0.4141,-0.0333,0,1,0
2022/12/19,1.0605,0.2174,0.275,1,0,0
2022/12/20,1.0621,0.1509,0.2,1,0,0
2022/12/21,1.0603,-0.1695,0.3,1,0,0
2022/12/22,1.0593,-0.0943,0.075,1,0,0
2022/12/23,1.0614,0.1982,-0.1,0,1,0
2022/12/26,1.0635,0.1979,0,0,0,1
2022/12/27,1.0638,0.0282,0,0,0,1
2022/12/28,1.0608,-0.282,0.1667,1,0,0
2022/12/29,1.0661,0.4996,0.0333,1,0,0
2022/12/30,1.0702,0.3846,0.26,1,0,0
2023/1/2,1.0662,-0.3738,0.1,1,0,0
2023/1/3,1.0546,-1.088,-0.58,0,1,0
2023/1/4,1.0599,0.5026,-0.1,0,1,0
2023/1/5,1.052,-0.7454,0.025,1,0,0
2023/1/6,1.0644,0,0,0,0,0
2023/1/9,1.0728,0,0,0,0,0
2023/1/10,1.0734,0,0,0,0,0
2023/1/11,1.0755,0,0,0,0,0
2023/1/12,1.0846,0.8461,0.4833,1,0,0
2023/1/13,1.0828,-0.166,0.3833,1,0,0
2023/1/16,1.0816,-0.1108,0.66,1,0,0
2023/1/17,1.0788,-0.2589,-0.1333,0,1,0
2023/1/18,1.0792,0.0371,0.1667,1,0,0
2023/1/19,1.0827,0.3243,-0.05,0,1,0
2023/1/20,1.0855,0.2586,0.1,1,0,0
2023/1/23,1.0868,0.1198,0.3833,1,0,0
2023/1/24,1.0885,0.1564,-0.14,0,1,0
2023/1/25,1.0915,0.2756,0.15,1,0,0
2023/1/26,1.0889,-0.2382,-0.175,0,1,0
2023/1/27,1.0867,0,0,0,0,0
2023/1/30,1.0844,-0.2116,0.25,1,0,0
2023/1/31,1.0862,0.166,0.15,1,0,0
2023/2/1,1.0989,1.1692,-0.0667,0,1,0
2023/2/2,1.091,-0.7189,-0.1143,0,1,0
2023/2/3,1.0793,-1.0724,-0.4333,0,1,0
2023/2/6,1.073,-0.5837,-0.45,0,1,0
2023/2/7,1.0723,-0.0652,-0.2625,0,1,0
2023/2/8,1.0709,-0.1306,0.16,1,0,0
2023/2/9,1.0736,0.2521,0.15,1,0,0
2023/2/10,1.0675,0,0,0,0,0
2023/2/13,1.072,0.4215,0.2,1,0,0
2023/2/14,1.0735,0.1399,0.05,1,0,0
2023/2/15,1.0689,0,0,0,0,0
2023/2/16,1.0668,-0.1965,0,0,0,1
2023/2/17,1.0694,0.2437,0.3,1,0,0
2023/2/20,1.0682,-0.1122,-0.15,0,1,0
2023/2/21,1.0646,-0.337,-0.15,0,1,0
2023/2/22,1.0601,-0.4227,-0.3,0,1,0
2023/2/23,1.0595,-0.0566,-0.5,0,1,0
2023/2/24,1.0546,-0.4625,-0.45,0,1,0
2023/2/27,1.0607,0.5784,-0.04,0,1,0
2023/2/28,1.0576,-0.2923,0.3,1,0,0
2023/3/1,1.0665,0.8415,0.3,1,0,0
2023/3/2,1.0596,-0.647,-0.6,0,1,0
2023/3/3,1.0632,0.3398,-0.3,0,1,0
2023/3/6,1.0678,0.4327,0.325,1,0,0
2023/3/7,1.0547,-1.2268,-0.1,0,1,0
2023/3/8,1.0544,-0.0284,-0.7,0,1,0
2023/3/9,1.058,0.3414,0.1,1,0,0
2023/3/10,1.0643,0.5955,0.55,1,0,0
2023/3/13,1.0729,0.808,0.4,1,0,0
2023/3/14,1.0732,0.028,0.06,1,0,0
2023/3/15,1.0575,-1.4629,-0.5294,0,1,0
2023/3/16,1.0605,0.2837,0.18,1,0,0
2023/3/17,1.0666,0.5752,0.25,1,0,0
2023/3/20,1.0719,0,0,0,0,0
2023/3/21,1.0767,0,0,0,0,0
2023/3/22,1.0855,0.8173,0.3,1,0,0
2023/3/23,1.083,-0.2303,0.575,1,0,0
2023/3/24,1.0759,-0.6556,-0.7,0,1,0
2023/3/27,1.0796,0.3439,0.4111,1,0,0
2023/3/28,1.0843,0.4353,0.3,1,0,0
2023/3/29,1.0843,0,0,0,0,0
2023/3/30,1.0901,0.5349,0.16,1,0,0
2023/3/31,1.0839,-0.5688,-0.4,0,1,0
2023/4/3,1.0895,0.5167,0.2333,1,0,0
2023/4/4,1.0952,0.5232,0.4167,1,0,0
2023/4/5,1.0903,-0.4474,0.05,1,0,0
2023/4/6,1.092,0.1559,0.4,1,0,0
2023/4/7,1.0897,-0.2106,-0.2,0,1,0
2023/4/10,1.0859,-0.3487,-0.4,0,1,0
2023/4/11,1.091,0.4697,0.225,1,0,0
2023/4/12,1.0989,0.7241,0.425,1,0,0
2023/4/13,1.1044,0.5005,0.34,1,0,0
2023/4/14,1.1,-0.3984,0.475,1,0,0
2023/4/17,1.0926,0,0,0,0,0
2023/4/18,1.0971,0,0,0,0,0
2023/4/19,1.0954,0,0,0,0,0
2023/4/20,1.0967,0,0,0,0,0
2023/4/21,1.0987,0,0,0,0,0
2023/4/24,1.1041,0,0,0,0,0
2023/4/25,1.0972,0,0,0,0,0
2023/4/26,1.104,0.6198,0.5,1,0,0
2023/4/27,1.1027,-0.1178,-0.4,0,1,0
2023/4/28,1.102,-0.0635,-0.08,0,1,0
2023/5/1,1.0975,-0.4083,-0.3,0,1,0
2023/5/2,1.0999,0.2187,0.1,1,0,0
2023/5/3,1.1059,0.5455,0.05,1,0,0
2023/5/4,1.1011,-0.434,0.0778,1,0,0
2023/5/5,1.1017,0.0545,0,0,0,1
2023/5/8,1.1004,-0.118,0.1333,1,0,0
2023/5/9,1.096,-0.3999,-0.3,0,1,0
2023/5/10,1.098,0.1825,0.275,1,0,0
2023/5/11,1.0914,-0.6011,-0.3,0,1,0
2023/5/12,1.0848,-0.6047,-0.35,0,1,0
2023/5/15,1.0872,0,0,0,0,0
2023/5/16,1.0861,0,0,0,0,0
2023/5/17,1.0839,-0.2026,-0.4,0,1,0
2023/5/18,1.0769,-0.6458,-0.3333,0,1,0
2023/5/19,1.0802,0.3064,0,0,0,1
2023/5/22,1.0811,0.0833,0.4,1,0,0
2023/5/23,1.0768,0,0,0,0,0
2023/5/24,1.0748,0,0,0,0,0
2023/5/25,1.0719,-0.2698,-0.3,0,1,0
2023/5/26,1.0724,0.0466,-0.2,0,1,0
2023/5/29,1.0705,-0.1772,-0.25,0,1,0
2023/5/30,1.0733,0.2616,-0.3,0,1,0
2023/5/31,1.0688,-0.4193,-0.28,0,1,0
2023/6/1,1.0761,0,0,0,0,0
2023/6/2,1.0706,-0.5111,-0.3,0,1,0
2023/6/5,1.0712,0.056,-0.35,0,1,0
2023/6/6,1.0691,0,0,0,0,0
2023/6/7,1.0697,0.0561,-0.05,0,1,0
2023/6/8,1.0781,0.7853,0.2,1,0,0
2023/6/9,1.0747,0,0,0,0,0
2023/6/12,1.0757,0,0,0,0,0
2023/6/13,1.0791,0.3161,0.5667,1,0,0
2023/6/14,1.0831,0.3707,-0.3,0,1,0
2023/6/15,1.0945,1.0525,0.2625,1,0,0
2023/6/16,1.0933,-0.1096,0.8,1,0,0
2023/6/19,1.0922,0,0,0,0,0
2023/6/20,1.0916,-0.0549,-0.5,0,1,0
2023/6/21,1.0984,0.6229,-0.4,0,1,0
2023/6/22,1.0956,-0.2549,0.6,1,0,0
2023/6/23,1.0889,-0.6115,-0.6333,0,1,0
2023/6/26,1.0904,0.1378,-0.05,0,1,0
2023/6/27,1.0959,0,0,0,0,0
2023/6/28,1.0911,-0.438,-0.1,0,1,0
2023/6/29,1.0864,-0.4308,0,0,0,1
2023/6/30,1.091,0.4234,0.3,1,0,0
2023/7/3,1.0911,0.0092,0.0667,1,0,0
2023/7/4,1.0877,-0.3116,-0.35,0,1,0
2023/7/5,1.0851,-0.239,-0.025,0,1,0
2023/7/6,1.0887,0,0,0,0,0
2023/7/7,1.0967,0.7348,0.45,1,0,0
2023/7/10,1.0999,0,0,0,0,0
2023/7/11,1.1006,0.0636,0.3667,1,0,0
2023/7/12,1.1128,1.1085,0.7714,1,0,0
2023/7/13,1.1224,0.8627,0.5167,1,0,0
2023/7/14,1.1227,0.0267,0.825,1,0,0
2023/7/17,1.1234,0.0623,-0.4,0,1,0
2023/7/18,1.1226,-0.0712,0.6,1,0,0
2023/7/19,1.1198,0,0,0,0,0
2023/7/20,1.1128,0,0,0,0,0
2023/7/21,1.1123,0,0,0,0,0
2023/7/24,1.1062,0,0,0,0,0
2023/7/25,1.1053,0,0,0,0,0
2023/7/26,1.1083,0.2714,-0.2,0,1,0
2023/7/27,1.0973,-0.9925,-0.2333,0,1,0
2023/7/28,1.1015,0.3828,-0.375,0,1,0
2023/7/31,1.0993,0,0,0,0,0
2023/8/1,1.0982,-0.1001,-0.3,0,1,0
2023/8/2,1.0936,-0.4189,-0.2,0,1,0
2023/8/3,1.0944,0.0732,0.2,1,0,0
2023/8/4,1.101,0.6031,0.375,1,0,0
2023/8/7,1.1002,0,0,0,0,0
2023/8/8,1.0954,-0.4363,-0.15,0,1,0
2023/8/9,1.0973,0.1735,0.3,1,0,0
2023/8/10,1.0979,0.0547,0.45,1,0,0
2023/8/11,1.0944,-0.3188,0.0667,1,0,0
2023/8/14,1.0904,-0.3655,-0.6,0,1,0
2023/8/15,1.0904,0,-0.5,0,1,0
2023/8/16,1.0874,0,0,0,0,0
2023/8/17,1.0871,-0.0276,0.4,1,0,0
2023/8/18,1.0865,-0.0552,0,0,0,1
2023/8/21,1.0891,0.2393,0,0,0,1
2023/8/22,1.0844,-0.4315,-0.425,0,1,0
2023/8/23,1.0859,0.1383,-0.42,0,1,0
2023/8/24,1.0809,-0.4604,-0.4,0,1,0
2023/8/25,1.08,-0.0833,-0.4667,0,1,0
2023/8/28,1.0817,0.1574,0.4,1,0,0
2023/8/29,1.0877,0.5547,-0.075,0,1,0
2023/8/30,1.0924,0.4321,0.4667,1,0,0
2023/8/31,1.0841,-0.7598,-0.25,0,1,0
2023/9/1,1.0773,-0.6272,-0.1,0,1,0
2023/9/4,1.0794,0.1949,0,0,0,1
2023/9/5,1.072,-0.6856,-0.45,0,1,0
2023/9/6,1.0727,0.0653,-0.2,0,1,0
2023/9/7,1.0699,-0.261,0,0,0,1
2023/9/8,1.0699,0,0,0,0,0
2023/9/11,1.0748,0.458,0.1,1,0,0
2023/9/12,1.0752,0.0372,-0.2667,0,1,0
2023/9/13,1.0728,-0.2232,-0.3667,0,1,0
2023/9/14,1.0641,-0.811,-0.6,0,1,0
2023/9/15,1.0655,0.1316,-0.42,0,1,0
2023/9/18,1.069,0.3285,-0.15,0,1,0
2023/9/19,1.0677,-0.1216,0.1333,1,0,0
2023/9/20,1.0659,-0.1686,0.3333,1,0,0
2023/9/21,1.0658,-0.0094,-0.48,0,1,0
2023/9/22,1.0652,-0.0563,-0.0833,0,1,0
2023/9/25,1.059,-0.5821,-0.475,0,1,0
2023/9/26,1.057,-0.1889,-0.25,0,1,0
2023/9/27,1.05,-0.6623,-0.72,0,1,0
2023/9/28,1.0559,0.5619,-0.75,0,1,0
2023/9/29,1.057,0,0,0,0,0
2023/10/2,1.0476,-0.8893,-0.8,0,1,0
2023/10/3,1.0465,-0.105,-0.7333,0,1,0
2023/10/4,1.0503,0.3631,0.3,1,0,0
2023/10/5,1.0548,0,0,0,0,0
2023/10/6,1.0586,0.3603,-0.4,0,1,0
2023/10/9,1.0565,0,0,0,0,0
2023/10/10,1.0603,0.3597,0.3,1,0,0
2023/10/11,1.0617,0.132,-0.6,0,1,0
2023/10/12,1.0526,0,0,0,0,0
2023/10/13,1.0509,-0.1615,-0.4,0,1,0
2023/10/16,1.0558,0,0,0,0,0
2023/10/17,1.0575,0.161,0.025,1,0,0
2023/10/18,1.0535,0,0,0,0,0
2023/10/19,1.0579,0,0,0,0,0
2023/10/20,1.0593,0.1323,-0.0333,0,1,0
2023/10/23,1.0668,0.708,0.4,1,0,0
2023/10/24,1.0588,-0.7499,-0.0333,0,1,0
2023/10/25,1.0563,0,0,0,0,0
2023/10/26,1.056,-0.0284,-0.3,0,1,0
2023/10/27,1.0564,0.0379,0,0,0,1
2023/10/30,1.0613,0.4638,0.025,1,0,0
2023/10/31,1.0576,-0.3486,-0.55,0,1,0
2023/11/1,1.0568,-0.0756,-0.5,0,1,0
2023/11/2,1.062,0.4921,0.24,1,0,0
2023/11/3,1.0729,1.0264,0.55,1,0,0
2023/11/6,1.0715,-0.1305,0.35,1,0,0
2023/11/7,1.0699,-0.1493,0.1333,1,0,0
2023/11/8,1.0707,0.0748,0,0,0,1
2023/11/9,1.0666,-0.3829,-0.2,0,1,0
2023/11/10,1.0681,0,0,0,0,0
2023/11/13,1.0697,0.1498,0.0667,1,0,0
2023/11/14,1.0879,1.7014,0.61,1,0,0
2023/11/15,1.0846,-0.3033,0.45,1,0,0
2023/11/16,1.085,0.0369,-0.4,0,1,0
2023/11/17,1.0907,0,0,0,0,0
2023/11/20,1.0938,0.2842,0.6333,1,0,0
2023/11/21,1.0909,-0.2651,-0.3,0,1,0
2023/11/22,1.0887,-0.2017,-0.3667,0,1,0
2023/11/23,1.0904,0.1561,0.2,1,0,0
2023/11/24,1.0939,0,0,0,0,0
2023/11/27,1.0953,0,0,0,0,0
2023/11/28,1.099,0.3378,0.7,1,0,0
2023/11/29,1.0968,-0.2002,0.3,1,0,0
2023/11/30,1.0886,-0.7476,-0.4,0,1,0
2023/12/1,1.0881,-0.0459,0,0,0,1
2023/12/4,1.0836,-0.4136,-0.3667,0,1,0
2023/12/5,1.0795,-0.3784,0.4,1,0,0
2023/12/6,1.0762,0,0,0,0,0
2023/12/7,1.0792,0.2788,-0.1,0,1,0
2023/12/8,1.0761,-0.2872,-0.225,0,1,0
2023/12/11,1.0761,0,0,0,0,1
2023/12/12,1.0792,0,0,0,0,0
2023/12/13,1.0873,0.7506,0.2,1,0,0
2023/12/14,1.0991,1.0853,0.35,1,0,0
2023/12/15,1.0894,-0.8825,0.0667,1,0,0
2023/12/18,1.0922,0.257,0,0,0,1
2023/12/19,1.098,0.531,0.475,1,0,0
2023/12/20,1.0938,-0.3825,0.15,1,0,0
2023/12/21,1.1008,0.64,0.3,1,0,0
2023/12/22,1.101,0.0182,0.4714,1,0,0
2023/12/25,1.1007,-0.0272,0,0,0,1
2023/12/26,1.1042,0,0,0,0,0
2023/12/27,1.1103,0.5524,0.18,1,0,0
2023/12/28,1.1059,-0.3963,0.56,1,0,0
2023/12/29,1.1036,-0.208,0.05,1,0,0
2024/1/1,1.1044,0,0,0,0,0
2024/1/2,1.0947,-0.8783,0.3,1,0,0
2024/1/3,1.0921,-0.2375,0,0,0,1
2024/1/4,1.0943,0.2014,0,0,0,1
2024/1/5,1.0941,-0.0183,0.25,1,0,0
2024/1/8,1.0949,0,0,0,0,0
2024/1/9,1.0931,-0.1644,0.175,1,0,0
2024/1/10,1.0971,0.3659,0,0,0,1
2024/1/11,1.097,-0.0091,-0.4333,0,1,0
2024/1/12,1.0949,-0.1914,0.05,1,0,0
2024/1/15,1.0948,-0.0091,-0.45,0,1,0
2024/1/16,1.0874,-0.6759,-0.4,0,1,0
2024/1/17,1.0881,0.0644,0.0667,1,0,0
2024/1/18,1.0874,-0.0643,0.2,1,0,0
2024/1/19,1.0897,0.2115,0,0,0,1
2024/1/22,1.0881,-0.1468,-0.425,0,1,0
2024/1/23,1.0851,-0.2757,-0.4333,0,1,0
2024/1/24,1.0883,0.2949,0.16,1,0,0
2024/1/25,1.0846,-0.34,-0.3,0,1,0
2024/1/26,1.0852,0.0553,-0.08,0,1,0
2024/1/29,1.0833,-0.1751,-0.2,0,1,0
2024/1/30,1.084,0.0646,-0.3,0,1,0
2024/1/31,1.0816,-0.2214,-0.16,0,1,0
2024/2/1,1.0872,0.5178,-0.2545,0,1,0
2024/2/2,1.0784,-0.8094,0,0,0,1
2024/2/5,1.0741,-0.3987,-0.4,0,1,0
2024/2/6,1.0754,0.121,-0.3,0,1,0
2024/2/7,1.0771,0.1581,-0.2,0,1,0
2024/2/8,1.0776,0.0464,0,0,0,1
2024/2/9,1.0782,0.0557,0.25,1,0,0
2024/2/12,1.0771,-0.102,0.1,1,0,0
2024/2/13,1.0709,0,0,0,0,0
2024/2/14,1.0725,0,0,0,0,0
2024/2/15,1.0771,0,0,0,0,0
2024/2/16,1.0774,0,0,0,0,0
2024/2/19,1.0777,0,0,0,0,0
2024/2/20,1.0803,0,0,0,0,0
2024/2/21,1.0817,0,0,0,0,0
2024/2/22,1.0823,0.0555,-0.0667,0,1,0
2024/2/23,1.0818,-0.0462,-0.25,0,1,0
2024/2/26,1.0847,0.2681,-0.1,0,1,0
2024/2/27,1.0844,-0.0277,0.1,1,0,0
2024/2/28,1.0836,-0.0738,-0.175,0,1,0
2024/2/29,1.0803,0,0,0,0,0
2024/3/1,1.0837,0,0,0,0,0
2024/3/4,1.0854,0.1569,0.1,1,0,0
2024/3/5,1.0855,0.0092,0,0,0,1
2024/3/6,1.0897,0.3869,0.3,1,0,0
2024/3/7,1.0946,0.4497,-0.0538,0,1,0
2024/3/8,1.0937,-0.0822,0.7,1,0,0
2024/3/11,1.0926,-0.1006,0.15,1,0,0
2024/3/12,1.0924,-0.0183,-0.3,0,1,0
2024/3/13,1.0946,0,0,0,0,0
2024/3/14,1.0881,-0.5938,0.0429,1,0,0
2024/3/15,1.0887,0.0551,-0.4,0,1,0
2024/3/18,1.0871,-0.147,-0.25,0,1,0
2024/3/19,1.0865,0,0,0,0,0
2024/3/20,1.0918,0,0,0,0,0
2024/3/21,1.086,0,0,0,0,0
2024/3/22,1.0805,0,0,0,0,0
2024/3/25,1.0836,0,0,0,0,0
2024/3/26,1.083,0,0,0,0,0
2024/3/27,1.0826,0,0,0,0,0
2024/3/28,1.0787,-0.3602,-0.425,0,1,0
2024/3/29,1.0793,0.0556,0.4,1,0,0
2024/4/1,1.0743,-0.4633,-0.225,0,1,0
2024/4/2,1.0768,0.2327,-0.25,0,1,0
2024/4/3,1.0835,0.6222,0.1,1,0,0
2024/4/4,1.0835,0,0.02,1,0,0
2024/4/5,1.0835,0,-0.55,0,1,0
2024/4/8,1.0858,0.2123,0.2,1,0,0
2024/4/9,1.0855,-0.0276,-0.5,0,1,0
2024/4/10,1.0742,-1.041,-0.7143,0,1,0
2024/4/11,1.0724,-0.1676,-0.2,0,1,0
2024/4/12,1.0642,-0.7646,-0.55,0,1,0
2024/4/15,1.0622,0,0,0,0,0
2024/4/16,1.0617,0,0,0,0,0
2024/4/17,1.0671,0,0,0,0,0
2024/4/18,1.0643,0,0,0,0,0
2024/4/19,1.0654,0,0,0,0,0
2024/4/22,1.0654,0,0,0,0,0
2024/4/23,1.0699,0,0,0,0,0
2024/4/24,1.0697,0,0,0,0,0
2024/4/25,1.0729,0,0,0,0,0
2024/4/26,1.0692,-0.3449,-0.2,0,1,0
2024/4/29,1.0719,0.2525,-0.35,0,1,0
2024/4/30,1.0665,-0.5038,-0.15,0,1,0
2024/5/1,1.0709,0.4126,-0.15,0,1,0
2024/5/2,1.0725,0.1494,0.5333,1,0,0
2024/5/3,1.0758,0.3077,0.3667,1,0,0
2024/5/6,1.0768,0.093,0.7,1,0,0
2024/5/7,1.0752,-0.1486,-0.1333,0,1,0
2024/5/8,1.0745,-0.0651,0,0,0,1
2024/5/9,1.0781,0.335,0.3,1,0,0
2024/5/10,1.0769,-0.1113,-0.2,0,1,0
2024/5/13,1.0788,0.1764,0,0,0,1
2024/5/14,1.0818,0,0,0,0,0
2024/5/15,1.0882,0.5916,0.0167,1,0,0
2024/5/16,1.0865,-0.1562,0.6,1,0,0
2024/5/17,1.087,0.046,0,0,0,1
2024/5/20,1.0855,0,0,0,0,0
2024/5/21,1.0854,-0.0092,-0.125,0,1,0
2024/5/22,1.0821,-0.304,-0.3,0,1,0
2024/5/23,1.0813,-0.0739,-0.0143,0,1,0
2024/5/24,1.0845,0,0,0,0,0
2024/5/27,1.0858,0,0,0,0,0
2024/5/28,1.0855,0,0,0,0,0
2024/5/29,1.08,0,0,0,0,0
2024/5/30,1.0832,0,0,0,0,0
2024/5/31,1.0841,0,0,0,0,0
2024/6/3,1.0902,0,0,0,0,0
2024/6/4,1.0878,0,0,0,0,0
2024/6/5,1.0868,0,0,0,0,0
2024/6/6,1.0888,0.184,-0.06,0,1,0
2024/6/7,1.08,-0.8082,0.14,1,0,0
2024/6/10,1.0763,-0.3426,-0.5,0,1,0
2024/6/11,1.0739,-0.223,-0.64,0,1,0
2024/6/12,1.0807,0.6332,0.5556,1,0,0
2024/6/13,1.0735,-0.6662,-0.2125,0,1,0
2024/6/14,1.07,-0.326,-0.18,0,1,0
2024/6/17,1.0734,0,0,0,0,0
2024/6/18,1.0738,0,0,0,0,0
2024/6/19,1.0742,0,0,0,0,0
2024/6/20,1.07,0,0,0,0,0
2024/6/21,1.0691,0,0,0,0,0
2024/6/24,1.0732,0,0,0,0,0
2024/6/25,1.0713,0,0,0,0,0
2024/6/26,1.0679,0,0,0,0,0
2024/6/27,1.0702,0,0,0,0,0
2024/6/28,1.0713,0,0,0,0,0
2024/7/1,1.0738,0,0,0,0,0
2024/7/2,1.0744,0,0,0,0,0
2024/7/3,1.0786,0.3909,0,0,0,1
2024/7/4,1.081,0.2225,0.375,1,0,0
2024/7/5,1.0836,0.2405,0.4167,1,0,0
2024/7/8,1.0822,-0.1292,-0.0833,0,1,0
2024/7/9,1.0812,-0.0924,-0.15,0,1,0
2024/7/10,1.083,0,0,0,0,0
2024/7/11,1.0865,0.3232,0.7,1,0,0
2024/7/12,1.0906,0.3774,0.6333,1,0,0
2024/7/15,1.0894,-0.11,0.425,1,0,0
2024/7/16,1.0897,0.0275,0.1333,1,0,0
2024/7/17,1.0937,0.3671,0.7,1,0,0
2024/7/18,1.0896,-0.3749,-0.0333,0,1,0
2024/7/19,1.0877,-0.1744,-0.5,0,1,0
2024/7/22,1.0889,0,0,0,0,0
2024/7/23,1.0851,0,0,0,0,0
2024/7/24,1.0839,0,0,0,0,0
2024/7/25,1.0844,0,0,0,0,0
2024/7/26,1.0857,0,0,0,0,0
2024/7/29,1.0819,0,0,0,0,0
2024/7/30,1.0815,0,0,0,0,0
2024/7/31,1.0825,0,0,0,0,0
2024/8/1,1.0791,0,0,0,0,0
2024/8/2,1.0908,1.0842,0.4,1,0,0
2024/8/5,1.0952,0.4034,0.6625,1,0,0
2024/8/6,1.093,-0.2009,-0.4,0,1,0
2024/8/7,1.0921,0,0,0,0,0
2024/8/8,1.0918,-0.0275,-0.2,0,1,0
2024/8/9,1.0916,-0.0183,0,0,0,1
2024/8/12,1.0931,0.1374,0.3333,1,0,0
2024/8/13,1.0992,0.558,-0.0667,0,1,0
2024/8/14,1.1012,0.182,0.6,1,0,0
2024/8/15,1.0971,-0.3723,-0.3,0,1,0
2024/8/16,1.1028,0.5196,0.7,1,0,0
2024/8/19,1.1085,0.5169,0.8333,1,0,0
2024/8/20,1.113,0,0,0,0,0
2024/8/21,1.115,0,0,0,0,0
2024/8/22,1.1112,-0.3408,0.0667,1,0,0
2024/8/23,1.119,0.7019,0.5,1,0,0
2024/8/26,1.1161,-0.2592,0.3,1,0,0
2024/8/27,1.1184,0.2061,0.5,1,0,0
2024/8/28,1.112,-0.5722,-0.5,0,1,0
2024/8/29,1.1077,-0.3867,-0.2833,0,1,0
2024/8/30,1.1047,-0.2708,0,0,0,1
2024/9/2,1.1071,0.2173,0,0,0,1
2024/9/3,1.1043,-0.2529,-0.3,0,1,0
2024/9/4,1.1082,0.3532,0.5,1,0,0
2024/9/5,1.111,0.2527,0,0,0,1
2024/9/6,1.1083,-0.243,0.6,1,0,0
2024/9/9,1.1034,-0.4421,0.04,1,0,0
2024/9/10,1.1019,-0.1359,-0.1333,0,1,0
2024/9/11,1.1011,-0.0726,-0.3,0,1,0
2024/9/12,1.1074,0.5722,0.0667,1,0,0
2024/9/13,1.1076,0,0,0,0,0
2024/9/16,1.1132,0,0,0,0,0
2024/9/17,1.1113,0,0,0,0,0
2024/9/18,1.1118,0,0,0,0,0
2024/9/19,1.1161,0,0,0,0,0
2024/9/20,1.1162,0,0,0,0,0
2024/9/23,1.1112,-0.4479,-0.45,0,1,0
2024/9/24,1.118,0.612,0,0,0,1
2024/9/25,1.1132,-0.4293,0.4667,1,0,0
2024/9/26,1.1176,0.3953,0,0,0,1
2024/9/27,1.1163,-0.1163,0.275,1,0,0
2024/9/30,1.1134,-0.2598,-0.025,0,1,0
2024/10/1,1.1067,-0.6018,-0.24,0,1,0
2024/10/2,1.1045,-0.1988,0,0,0,1
2024/10/3,1.1031,0,0,0,0,0
2024/10/4,1.0976,-0.4986,0,0,0,1
2024/10/7,1.0974,-0.0182,-0.4,0,1,0
2024/10/8,1.098,0.0547,-0.1,0,1,0
2024/10/9,1.0939,-0.3734,-0.325,0,1,0
2024/10/10,1.0935,-0.0366,-0.4,0,1,0
2024/10/11,1.0937,0.0183,-0.2667,0,1,0
2024/10/14,1.0909,-0.256,0,0,0,1
2024/10/15,1.089,-0.1742,-0.4,0,1,0
2024/10/16,1.0861,-0.2663,0.2,1,0,0
2024/10/17,1.0831,-0.2762,-0.15,0,1,0
2024/10/18,1.0866,0.3231,-0.18,0,1,0
2024/10/21,1.0815,-0.4694,-0.2727,0,1,0
2024/10/22,1.0797,-0.1664,-0.425,0,1,0
2024/10/23,1.0781,-0.1482,-0.3625,0,1,0
2024/10/24,1.0827,0.4267,-0.0583,0,1,0
2024/10/25,1.0793,-0.314,-0.07,0,1,0
2024/10/28,1.0812,0.176,-0.0333,0,1,0
2024/10/29,1.0818,0.0555,0.0375,1,0,0
2024/10/30,1.0855,0.342,0.1182,1,0,0
2024/10/31,1.0883,0.2579,0.1429,1,0,0
2024/11/1,1.0834,-0.4502,0.0167,1,0,0
2024/11/4,1.0877,0.3969,0.2375,1,0,0
2024/11/5,1.093,0.4873,-0.0143,0,1,0
2024/11/6,1.0728,-1.8481,-0.4,0,1,0
2024/11/7,1.0804,0.7084,-0.1917,0,1,0
2024/11/8,1.0718,-0.796,-0.5,0,1,0
2024/11/11,1.0654,-0.5971,-0.45,0,1,0
2024/11/12,1.0623,-0.291,-0.5545,0,1,0
2024/11/13,1.0563,-0.5648,-0.3556,0,1,0
2024/11/14,1.053,-0.3124,-0.4111,0,1,0
2024/11/15,1.0541,0.1045,0.075,1,0,0
2024/11/18,1.0599,0.5502,-0.1333,0,1,0
2024/11/19,1.0595,-0.0377,0.0111,1,0,0
2024/11/20,1.0543,-0.4908,-0.1111,0,1,0
2024/11/21,1.0473,-0.6639,-0.4111,0,1,0
2024/11/22,1.0417,-0.5347,-0.8,0,1,0
2024/11/25,1.0494,0.7392,-0.1077,0,1,0
2024/11/26,1.0486,-0.0762,-0.14,0,1,0
2024/11/27,1.0564,0.7438,0.1111,1,0,0
2024/11/28,1.0553,-0.1041,-0.0333,0,1,0
2024/11/29,1.0575,0.2085,0,0,0,1
2024/12/2,1.0497,-0.7376,-0.3,0,1,0
2024/12/3,1.0509,0.1143,-0.1,0,1,0
2024/12/4,1.051,0.0095,-0.05,0,1,0
2024/12/5,1.0586,0.7231,0.11,1,0,0
2024/12/6,1.0568,-0.17,0,0,0,1
2024/12/9,1.0552,-0.1514,-0.0444,0,1,0
2024/12/10,1.0526,-0.2464,-0.33,0,1,0
2024/12/11,1.0494,-0.304,-0.1286,0,1,0
2024/12/12,1.0467,-0.2573,-0.175,0,1,0
2024/12/13,1.0502,0.3344,-0.0308,0,1,0
2024/12/16,1.051,0.0762,-0.2,0,1,0
2024/12/17,1.0489,-0.1998,-0.2,0,1,0
2024/12/18,1.0352,-1.3061,-0.2222,0,1,0
2024/12/19,1.0362,0.0966,-0.1333,0,1,0
2024/12/20,1.0429,0.6466,0.025,1,0,0
2024/12/23,1.0405,-0.2301,-0.1,0,1,0
2024/12/24,1.0397,-0.0769,-0.15,0,1,0
2024/12/25,1.0404,0,0,0,0,0
2024/12/26,1.0422,0,0,0,0,0
2024/12/27,1.0427,0.048,0,0,0,1
2024/12/30,1.0407,-0.1918,0.06,1,0,0
2024/12/31,1.0353,-0.5189,0.05,1,0,0
2025/1/1,1.0355,0,0,0,0,0
2025/1/2,1.0265,-0.8691,-0.5,0,1,0
2025/1/3,1.0308,0.4189,-0.45,0,1,0
2025/1/6,1.039,0.7955,-0.075,0,1,0
2025/1/7,1.0339,-0.4909,-0.0545,0,1,0
2025/1/8,1.0318,-0.2031,-0.2778,0,1,0
2025/1/9,1.0298,-0.1938,-0.23,0,1,0
2025/1/10,1.0244,-0.5244,-0.22,0,1,0
2025/1/13,1.0244,0,-0.45,0,1,0
2025/1/14,1.0307,0.615,0.1429,1,0,0
2025/1/15,1.0289,-0.1746,0.0786,1,0,0
2025/1/16,1.0298,0.0875,-0.0917,0,1,0
2025/1/17,1.0271,-0.2622,-0.3143,0,1,0
2025/1/20,1.0414,1.3923,0.0625,1,0,0
2025/1/21,1.0429,0.144,-0.28,0,1,0
2025/1/22,1.0407,-0.211,-0.0583,0,1,0
2025/1/23,1.0415,0.0769,-0.2,0,1,0
2025/1/24,1.0493,0.7489,0.24,1,0,0
2025/1/27,1.0491,-0.0191,0.0222,1,0,0
2025/1/28,1.0428,-0.6005,-0.3625,0,1,0
2025/1/29,1.042,-0.0767,-0.0857,0,1,0
2025/1/30,1.039,-0.2879,-0.14,0,1,0
2025/1/31,1.0362,-0.2695,-0.0857,0,1,0
2025/2/3,1.0344,-0.1737,-0.3308,0,1,0
2025/2/4,1.0377,0.319,-0.025,0,1,0
2025/2/5,1.0402,0.2409,-0.01,0,1,0
2025/2/6,1.0381,-0.2019,-0.0273,0,1,0
2025/2/7,1.0327,-0.5202,-0.1167,0,1,0
2025/2/10,1.0306,-0.2034,-0.075,0,1,0
2025/2/11,1.036,0.524,0.075,1,0,0
2025/2/12,1.0382,0.2124,-0.09,0,1,0
2025/2/13,1.0464,0.7898,-0.0556,0,1,0
2025/2/14,1.0491,0.258,0.2556,1,0,0
2025/2/17,1.0482,-0.0858,-0.05,0,1,0
2025/2/18,1.0445,-0.353,-0.2111,0,1,0
2025/2/19,1.0421,-0.2298,-0.3556,0,1,0
2025/2/20,1.05,0.7581,0.0182,1,0,0
2025/2/21,1.0458,-0.4,0.06,1,0,0
2025/2/24,1.0466,0.0765,0.0909,1,0,0
2025/2/25,1.0513,0.4491,-0.0667,0,1,0
2025/2/26,1.0483,-0.2854,-0.25,0,1,0
2025/2/27,1.0397,-0.8204,-0.3,0,1,0
2025/2/28,1.0375,-0.2116,-0.2,0,1,0
2025/3/3,1.0486,1.0699,0.1909,1,0,0
2025/3/4,1.0624,1.316,0.4111,1,0,0
2025/3/5,1.079,1.5625,0.5,1,0,0
2025/3/6,1.0783,-0.0649,0.2364,1,0,0
2025/3/7,1.0832,0.4544,0.5667,1,0,0
2025/3/10,1.0832,0,0.1143,1,0,0
2025/3/11,1.0918,0.7939,0.3357,1,0,0
2025/3/12,1.0886,-0.2931,-0.075,0,1,0
2025/3/13,1.0852,-0.3123,-0.2154,0,1,0
2025/3/14,1.0879,0.2488,0.1556,1,0,0
2025/3/17,1.0921,0.3861,0.07,1,0,0
2025/3/18,1.0943,0.2014,0.1357,1,0,0
2025/3/19,1.0901,-0.3838,-0.1786,0,1,0
2025/3/20,1.0851,-0.4587,-0.31,0,1,0
2025/3/21,1.0814,-0.341,-0.2375,0,1,0
2025/3/24,1.08,-0.1295,0.0357,1,0,0
2025/3/25,1.0791,-0.0833,-0.0462,0,1,0
2025/3/26,1.0752,-0.3614,-0.1333,0,1,0
2025/3/27,1.0801,0.4557,-0.0267,0,1,0
2025/3/28,1.0827,0.2407,-0.025,0,1,0
2025/3/31,1.0817,-0.0924,-0.3,0,1,0
2025/4/1,1.0793,-0.2219,-0.2,0,1,0
2025/4/2,1.0855,0.5744,0.5,1,0,0
2025/4/3,1.105,1.7964,0.71,1,0,0
2025/4/4,1.0955,-0.8597,0.4286,1,0,0
2025/4/7,1.0904,0,0,0,0,0
2025/4/8,1.0956,0.4769,-0.2,0,1,0
2025/4/9,1.0951,0,0,0,0,0
2025/4/10,1.1197,2.2464,0.6667,1,0,0
2025/4/11,1.136,1.4557,0.7,1,0,0
2025/4/14,1.1349,-0.0968,0.2,1,0,0
2025/4/15,1.1281,0,0,0,0,0
2025/4/16,1.1398,0,0,0,0,0
2025/4/17,1.1363,-0.3071,0.4,1,0,0
2025/4/18,1.1391,0,0,0,0,0
2025/4/21,1.1513,1.071,0.7875,1,0,0
2025/4/22,1.142,-0.8078,0.7,1,0,0
2025/4/23,1.1315,-0.9194,-0.6,0,1,0
2025/4/24,1.1389,0.654,0.5,1,0,0
2025/4/25,1.1365,-0.2107,-0.05,0,1,0
2025/4/28,1.1422,0.5015,0.5,1,0,0
2025/4/29,1.1386,-0.3152,0.6,1,0,0
2025/4/30,1.1329,-0.5006,-0.05,0,1,0
2025/5/1,1.1292,-0.3266,-0.3,0,1,0
2025/5/2,1.1296,0.0354,0.35,1,0,0
2025/5/5,1.1315,0.1682,0.6,1,0,0
2025/5/6,1.137,0.4861,-0.1,0,1,0
2025/5/7,1.13,-0.6157,0.2,1,0,0
2025/5/8,1.1228,0,0,0,0,0
2025/5/9,1.1248,0.1781,0.32,1,0,0
2025/5/12,1.1088,-1.4225,-0.8,0,1,0
2025/5/13,1.1186,0.8838,0.5,1,0,0
2025/5/14,1.1175,-0.0983,0.35,1,0,0
2025/5/15,1.1189,0.1253,0.4,1,0,0
2025/5/16,1.1164,-0.2234,-0.4,0,1,0
2025/5/19,1.1244,0.7166,0.46,1,0,0
